 James,Jameson,Clumper,jamesonclumper@gmail.com,815-546-9852,458 Newton Street,Goodland,IN,47946
 Philemon,Guierrez,Gomez,phil102095@hotmail.com,714-712-4348,625 Roadsign Lane,Talabassas,FL,19843
 Sir Henry,Ivan,Thomas,sirhenryit@gmail.com,894-526-7846,276 Ghardena Court,Mississity,MS,89673
 Mark,Mark,Markson,markmanll@gmail.com,637-241-7575,483 Malamut Lane,Farlton,MI,53186
 Claudio,Uvewe,Nettos-Terrosso,galefeeling@yahoo.com,214-846-2687,689 Rhoades Lane,Ballington,AZ,74623
 Steve,Stephen,Jobs,steve@jobs.com,555-518-2398,297 Applestore Lane,iTown,TX,31975
 Hingle,McCringle,Berry,hberry@me.com,987-101-1337,328 Lunar Drive,Penumbra,CO,35941
 Thomas,Michael,Heidgar,theidgar@gmail.com,930-234-2349,2 Penny Lane,Porledraun,AZ,11995